"Gebiet","Sachmerkmal","2000","2001","2002","2003","2004","2005","2006","2007","2008","2009","2010","2011","2012","2013","2014","2015","2016","2017","2018","2019","2020","2021","2022","2023","2024"
Zentrum,Wohnungen,"1811","1646","1646","1643","1648","1712","1724","1724","1788","1916","1924","1940","1939,76","1939,76","1940","1940","1940","1944","1944","1974","2217","2186","2190","2190","2186"
Zentrum-Ost,Wohnungen,"2412","2402","2418","2375","2366","2371","2404","2399","2453","2464","2466","2883","2892,36","2891,36","2874","2892","2926","3136","3380","3516","4007","4291","4357","4371","4426"
Zentrum-Südost,Wohnungen,"5978","5932","5941","5975","5974","5981","5981","6008","6014","6136","6138","6547","6560,66","6562,66","6561","7011","7022","7090","7164","7260","7549","7618","7621","7630","7631"
Zentrum-Süd,Wohnungen,"7107","7097","7080","7053","6997","7029","7033","7057","7073","7079","7096","7681","7726,64","7731,64","7756","7955","8146","8225","8275","8306","8483","8506","8577","8637","8887"
Zentrum-West,Wohnungen,"4964","5074","5062","5032","5160","5149","5148","5155","5197","5207","5292","6124","6141,6","6210,6","6213","6254","6261","6272","6297","6412","6521","6604","6658","6668","6687"
Zentrum-Nordwest,Wohnungen,"4704","4745","4763","4763","4759","4773","4798","4808","4856","5097","5121","5778","5792,66","5816,66","5855","5844","5930","5970","5986","6015","6030","6111","6120","6119","6228"
Zentrum-Nord,Wohnungen,"4427","4432","4445","4440","4451","4453","4478","4483","4484","4539","4554","5407","5427,9","5427,9","5447","5477","5628","5667","5664","5673","5939","5941","5994","5997","6501"
Schönefeld-Abtnaundorf,Wohnungen,"7121","7131","7101","7055","6955","6949","6937","6947","6953","6973","6981","7007","7007,02","7009,02","7021","7034","7045","7055","7049","7067","7080","7084","7240","7283","7296"
Schönefeld-Ost,Wohnungen,"6067","6076","5949","5956","5957","5962","5863","5871","5875","5878","5881","6073","6072,66","6073,66","6075","6136","6136","6137","6188","6199","6239","6241","6243","6249","6261"
Mockau-Süd,Wohnungen,"2932","2950","2959","2959","2959","2958","2952","2952","2940","2938","2951","2870","2869,32","2869,32","2869","2871","2889","2876","2878","2877","2886","2892","2894","2899","2984"
Mockau-Nord,Wohnungen,"7230","7248","7090","7081","7079","6824","6798","6717","6711","6727","6731","6773","6777,26","6780,26","6778","6779","6790","6793","6799","6808","6816","6819","6833","6835","6841"
Thekla,Wohnungen,"3476","3487","3489","3534","3553","3557","3440","3358","3344","3348","3343","3222","3226,34","3242,34","3247","3257","3262","3278","3286","3288","3301","3301","3308","3312","3320"
Plaußig-Portitz,Wohnungen,"1106","1123","1144","1155","1162","1174","1184","1195","1201","1205","1208","1231","1235,3","1241,3","1244","1249","1258","1267","1275","1291","1357","1360","1394","1491","1543"
Neustadt-Neuschönefeld,Wohnungen,"7163","7137","7100","7031","6965","6967","6935","6900","6886","6866","6869","7222","7227,58","7235,58","7262","7268","7278","7294","7307","7327","7479","7477","7512","7605","7627"
Volkmarsdorf,Wohnungen,"7080","7057","6972","6947","6936","6919","6902","6881","6863","6865","6859","7042","7042,3","7036,3","7034","7028","7034","7035","7095","7052","7049","7064","7131","7131","7146"
Anger-Crottendorf,Wohnungen,"6825","6849","6935","6805","6709","6717","6721","6718","6708","6710","6717","6960","6960,96","6964,96","6966","6971","6983","6987","6986","7014","7033","7058","7071","7109","7306"
Sellerhausen-Stünz,Wohnungen,"5732","5740","5737","5743","5710","5711","5704","5704","5702","5706","5707","5551","5557,32","5563,32","5565","5570","5570","5569","5570","5572","5574","5611","5607","5606","5602"
Paunsdorf,Wohnungen,"8830","8862","8878","8888","8753","8732","8741","8712","8716","8721","8720","8616","8620,98","8623,98","8624","8627","8629","8631","8623","8623","8627","8637","8718","8725","8725"
Heiterblick,Wohnungen,"1699","1772","1740","1766","1817","1840","1882","1897","1898","1908","1917","2140","2161,28","2190,28","2195","2202","2214","2221","2231","2232","2232","2232","2233","2233","2255"
Mölkau,Wohnungen,"2531","2671","2702","2718","2733","2743","2755","2762","2779","2788","2794","3035","3049,62","3058,62","3062","3092","3103","3109","3113","3127","3133","3141","3144","3155","3162"
Engelsdorf,Wohnungen,"5323","5409","5350","5527","5588","5553","5582","5648","5724","5775","4125","4674","4697,3","4721,3","4748","4784","4824","4854","4865","4876","4884","4904","4907","4927","4934"
Baalsdorf,Wohnungen,".",".",".",".",".",".",".",".",".",".","734","722","730,92","748,92","768","770","778","781","784","792","800","807","822","829","830"
Althen-Kleinpösna,Wohnungen,".",".",".",".",".",".",".",".",".",".","947","895","900,3","905,3","909","911","914","918","920","925","929","931","945","960","970"
Reudnitz-Thonberg,Wohnungen,"10723","10671","10650","10645","10624","10621","10599","10625","10664","10684","10687","11332","11458,46","11484,46","11498","11555","11590","11812","12456","12560","12555","12683","12710","13240","13324"
Stötteritz,Wohnungen,"8927","8963","8996","9015","9041","9047","9092","8984","8972","8998","9007","9335","9360,14","9374,14","9392","9397","9413","9509","9530","9613","9683","9705","9881","9903","9922"
Probstheida,Wohnungen,"3403","3463","3449","3440","3445","3450","3425","3444","3488","3485","3490","3453","3494,2","3520,2","3534","3555","3562","3622","3626","3673","3705","3777","3846","3911","3935"
Meusdorf,Wohnungen,"1805","1808","1809","1819","1829","1829","1654","1658","1660","1665","1676","1678","1681,62","1685,62","1690","1695","1704","1706","1709","1715","1721","1725","1760","1894","2073"
Liebertwolkwitz,Wohnungen,"2369","2427","2435","2451","2473","2481","2503","2520","2537","2551","2558","2868","2880,84","2892,84","2902","2912","2923","2933","2934","2942","2954","2965","2979","2990","2997"
Holzhausen,Wohnungen,"3050","3070","3095","3111","3125","3132","3151","3167","3191","3208","3220","3310","3316,22","3337,22","3352","3365","3381","3393","3400","3439","3452","3472","3481","3514","3534"
Südvorstadt,Wohnungen,"12359","12495","12479","12564","12571","12574","12622","12669","12693","12700","12701","13861","13889,46","13900,46","13916","13943","13958","14003","14193","14249","14267","14297","14336","14428","14447"
Connewitz,Wohnungen,"9797","9821","9862","9861","9877","9900","9918","9971","10000","10010","10038","10440","10450,02","10455,02","10477","10538","10629","10746","10943","11075","11110","11249","11408","11678","11680"
Marienbrunn,Wohnungen,"3223","3221","3221","3219","3220","3205","3110","3110","3113","3114","3114","3226","3226","3226","3238","3237","3238","3239","3239","3239","3228","3216","3240","3240","3241"
Lößnig,Wohnungen,"6367","6367","6387","6379","6377","6376","6204","6204","6205","6230","6230","5895","5897","5905","5907","5905","5905","5905","5905","5905","5906","5906","5906","5906","5906"
Dölitz-Dösen,Wohnungen,"2351","2380","2384","2292","2298","2300","2306","2294","2296","2330","2329","2363","2378,28","2387,28","2321","2394","2398","2399","2399","2407","2405","2405","2413","2434","2445"
Schleußig,Wohnungen,"5805","5853","5927","5889","5909","5975","6003","6019","6032","6062","6063","6366","6367,58","6376,58","6381","6382","6382","6416","6423","6485","6487","6484","6494","6493","6492"
Plagwitz,Wohnungen,"7406","7570","7477","7530","7548","7542","7546","7553","7559","7573","7571","8429","8435,6","8653,6","8705","8741","8780","8807","8818","8905","8965","8992","9020","9018","9026"
Kleinzschocher,Wohnungen,"6343","6317","6263","6241","6223","6226","6218","6208","6199","6203","6196","6274","6269,64","6286,64","6280","6287","6295","6299","6322","6332","6354","6363","6390","6452","6465"
Großzschocher,Wohnungen,"5133","5166","5196","5172","5177","5188","5197","5203","5209","5219","5227","5389","5406,86","5416,86","5424","5428","5460","5467","5505","5507","5513","5544","5552","5563","5568"
Knautkleeberg-Knauthain,Wohnungen,"2696","3057","3057","3116","3100","3104","3125","3140","3165","3194","2666","2510","2520,28","2566,28","2576","2603","2636","2681","2695","2729","2737","2767","2788","2806","2821"
Hartmannsdorf-Knautnaundorf,Wohnungen,"316",".",".",".",".",".",".",".",".",".","552","583","587,32","588,32","592","599","604","611","612","618","624","625","641","642","647"
Schönau,Wohnungen,"2983","2985","2986","2729","2746","2769","2799","2811","2824","2831","2835","2982","2868,26","2828,26","2839","2863","2894","2917","2987","3010","3141","3141","3233","3233","3239"
Grünau-Ost,Wohnungen,"5116","5116","4986","4857","4857","4857","4860","4860","4860","4860","4860","4483","4483","4483","4483","4483","4483","4483","4483","4483","4483","4483","4483","4473","4473"
Grünau-Mitte,Wohnungen,"8927","8795","8669","8663","8663","8216","8216","8101","8101","8012","8012","7575","7575","7575","7575","7575","7575","7641","7642","7642","7642","7642","7644","7608","7608"
Grünau-Siedlung,Wohnungen,"1781","1808","1828","1859","1897","1926","1709","1713","1718","1726","1734","1798","1803,94","1849,94","1856","1864","1873","1880","1889","1893","1903","1908","1918","1923","1924"
Lausen-Grünau,Wohnungen,"10471","10473","10263","9957","9958","9829","9681","8891","8908","8915","8931","8485","8501,32","8406,32","8418","8481","8452","8454","8408","8460","8535","8502","8574","8574","8570"
Grünau-Nord,Wohnungen,"7047","7047","7047","6915","6864","6787","6662","6662","5944","5793","5796","5610","5388","5387","5387","5388","5388","5388","5388","5388","5388","5388","5377","5377","5377"
Miltitz,Wohnungen,"705","719","725","727","731","768","772","775","776","777","777","1038","1039","1043","1053","1054","1075","1079","1079","1081","1081","1081","1080","1080","1080"
Lindenau,Wohnungen,"4321","4317","4285","4206","4156","4162","4151","4157","4161","4170","4184","4473","4480","4486","4516","4533","4662","4668","4699","4735","4737","4797","4817","4871","5216"
Altlindenau,Wohnungen,"9976","9949","9951","9937","9932","9935","9955","9932","9928","9929","9918","10336","10315","10356","10357","10363","10433","10447","10537","10548","10592","10620","10798","10838","10861"
Neulindenau,Wohnungen,"4140","4126","4122","4105","4110","4111","4132","4133","4133","4136","4137","4043","4045,3","4044,3","4084","4085","4088","4089","4089","4074","4075","4098","4394","4470","4668"
Leutzsch,Wohnungen,"5261","5269","5260","5273","5279","5270","5273","5291","5298","5295","5308","6133","6142,22","6169,22","6191","6204","6205","6217","6219","6255","6256","6394","6410","6433","6542"
Böhlitz-Ehrenberg,Wohnungen,"4861","4924","4954","4977","5042","5085","5114","5143","5165","5173","5185","5387","5397,16","5407,16","5420","5431","5433","5441","5443","5465","5482","5485","5493","5495","5514"
Burghausen-Rückmarsdorf,Wohnungen,"1818","1832","1854","1889","1924","1936","1952","1969","1983","1993","2005","2364","2380","2410","2418","2431","2437","2450","2460","2471","2484","2494","2501","2508","2515"
Möckern,Wohnungen,"9334","9361","9339","9277","9271","9257","8966","8967","9014","9010","9010","8742","8741,18","8751,18","8760","8758","8808","8890","8946","9188","9349","9372","9488","9750","9799"
Wahren,Wohnungen,"3862","3861","3797","3795","3812","3821","3827","3833","3853","3859","3872","4071","4071,64","4093,64","4095","4096","4105","4112","4115","4154","4157","4157","4224","4320","4330"
Lützschena-Stahmeln,Wohnungen,"1545","1596","1616","1628","1694","1699","1711","1717","1720","1730","1740","2002","2007,64","2022,64","2026","2030","2036","2053","2112","2123","2134","2147","2159","2167","2175"
Lindenthal,Wohnungen,"2392","2454","2461","2469","2495","2508","2536","2552","2562","2585","2589","3440","3443,56","3463,56","3485","3503","3536","3548","3557","3580","3599","3625","3637","3656","3753"
Gohlis-Süd,Wohnungen,"9330","9187","9202","9232","9217","9321","9375","9410","9483","9567","9614","10617","10642,24","10732,24","10761","10807","10836","10849","10890","10941","10981","10986","11035","11074","11097"
Gohlis-Mitte,Wohnungen,"9007","9026","9030","9052","9006","9009","9024","9018","9016","9039","9048","9363","9394,42","9534,42","9568","9628","9663","9671","9710","9857","9963","9984","10014","10035","10048"
Gohlis-Nord,Wohnungen,"4715","4715","4715","4732","4741","4743","4744","4781","4833","4867","4908","5376","5376,4","5378,4","5384","5381","5390","5393","5398","5519","5966","5968","5981","5986","5986"
Eutritzsch,Wohnungen,"8094","8109","8122","8378","8304","8320","8138","8023","8060","8094","8081","8041","8087,96","8097,96","8109","8180","8297","8308","8310","8467","8495","8724","8756","8912","8877"
Seehausen,Wohnungen,"723","732","753","760","768","774","777","777","812","815","812","1166","1169,64","1173,64","1245","1252","1257","1264","1271","1295","1299","1365","1396","1435","1473"
Wiederitzsch,Wohnungen,"2504","3112","3162","3224","3294","3339","3406","3439","3461","3477","3486","4191","4184,62","4218,62","4226","4239","4259","4270","4312","4338","4357","4372","4536","4547","4568"
Mitte,Wohnungen,"31403","31328","31355","31281","31355","31468","31566","31634","31865","32438","32591","36360","36483","36582","36646","37373","37853","38304","38710","39156","40746","41257","41517","41612","42546"
Nordost,Wohnungen,"27932","28015","27732","27740","27665","27424","27174","27040","27024","27069","27095","27176","27187","27215","27234","27326","27380","27406","27475","27530","27679","27697","27912","28069","28245"
Ost,Wohnungen,"45183","45497","45414","45425","45211","45182","45222","45222","45276","45339","45389","46857","46948","47048","47133","47223","47327","47399","47494","47540","47740","47862","48090","48280","48557"
Südost,Wohnungen,"30277","30402","30434","30481","30537","30560","30424","30398","30512","30591","30638","31976","32191","32294","32368","32479","32573","32975","33655","33942","34070","34327","34657","35452","35785"
Süd,Wohnungen,"34097","34284","34333","34315","34343","34355","34160","34248","34307","34384","34412","35785","35840","35873","35859","36017","36128","36292","36679","36875","36916","37073","37303","37686","37719"
Südwest,Wohnungen,"27699","27963","27920","27948","27957","28035","28089","28123","28164","28251","28275","29551","29588","29889","29958","30040","30157","30281","30375","30576","30680","30775","30885","30974","31019"
West,Wohnungen,"37030","36943","36504","35707","35716","35152","34699","33813","33131","32914","32945","31971","31658","31572","31611","31708","31740","31842","31876","31957","32173","32145","32309","32268","32271"
Alt-West,Wohnungen,"30377","30417","30426","30387","30443","30499","30577","30625","30668","30696","30737","32736","32759","32872","32986","33047","33258","33312","33447","33548","33626","33888","34413","34615","35316"
Nordwest,Wohnungen,"17133","17272","17213","17169","17272","17285","17040","17069","17149","17184","17211","18255","18265","18332","18366","18387","18485","18603","18730","19045","19239","19301","19508","19893","20057"
Nord,Wohnungen,"34373","34881","34984","35378","35330","35506","35464","35448","35665","35859","35949","38754","38855","39135","39293","39487","39702","39755","39891","40417","41061","41399","41718","41989","42049"
Stadt Leipzig,Wohnungen,"315701","317439","316763","316341","315358","316027","314973","314223","314402","315397","315940","329306","329653","330799","331755","333509","335065","336698","338890","341144","344533","346327","348974","351515","354259"
Zentrum,Wohnfläche insgesamt,"101,9","95,1","94,8","95,1","95,7","100,8","102,1","102,1","104,6","109,591","111,4","107,516","107,516","107,516","107,516","107,516","107,516","107,516","107,519","109,198","116,02","113,342","113,472","113,566","113,798"
Zentrum-Ost,Wohnfläche insgesamt,"147,5","146,7","146,5","141,6","141,3","141,3","143,9","144,9","149,6","150,77","151","178,783","180,312","179,949","180,209","180,537","184,892","200,433","224,947","233,493","253,429","269,054","273,788","274,9","278,217"
Zentrum-Südost,Wohnfläche insgesamt,"351,5","348","347,5","350,4","349,8","350,5","352,3","354,8","354,6","359,489","359,5","381,7394","382,6194","382,6604","383,9034","417,6694","420,2804","427,8244","440,096","449,158","466,786","472,317","472,507","473,095","473,257"
Zentrum-Süd,Wohnfläche insgesamt,"482","481,5","480,7","479,4","474,9","479,2","479,5","480,9","483,5","484,085","485,4","513,90908","519,78508","522,28008","524,6991","539,5161","552,8041","562,2571","568,764","572,536","587,846","589,128","595,79","597,664","621,594"
Zentrum-West,Wohnfläche insgesamt,"372,9","377","376,6","373,3","376,6","375,3","375,3","374,4","377,4","379,035","384,1","434,4806","436,7046","447,2036","447,2126","452,1116","452,6386","454,1706","457,557","466,601","476,345","482,579","488,299","489,508","491,185"
Zentrum-Nordwest,Wohnfläche insgesamt,"402,2","404,3","404,9","405,1","404,5","405,8","407,6","409,1","412,3","418,701","421,2","465,86888","467,82588","471,21088","472,9849","473,0819","479,7369","484,2859","484,853","487,265","488,176","496,137","496,534","496,936","508,284"
Zentrum-Nord,Wohnfläche insgesamt,"306,4","306,8","307,1","307","308,4","308,2","310,4","311,4","312,4","317,088","319,1","371,11448","374,98248","375,00848","377,2285","378,8535","384,6165","388,3825","388,211","388,92","396,104","395,981","399,018","399,489","413,169"
Schönefeld-Abtnaundorf,Wohnfläche insgesamt,"463,2","463,7","463","460,5","454,5","454,1","453,7","455","455","455,22","455,4","451,33566","451,64466","452,09566","452,5397","452,7687","453,3977","454,0327","455,241","457,172","458,153","458,722","470,57","473,523","474,676"
Schönefeld-Ost,Wohnfläche insgesamt,"342,7","343,7","336,7","337,8","338,2","338,8","333","334","334,5","334,84","335,2","356,2057","356,2057","356,3897","356,5067","359,1317","359,1317","359,2127","362,188","362,711","365,243","365,52","366,548","367,247","367,9"
Mockau-Süd,Wohnfläche insgesamt,"179,7","180,7","181,7","181,6","181,6","181,5","181,1","181,1","180,1","180,184","180,3","179,25368","179,18768","179,18768","179,1977","179,3297","180,2377","180,7267","180,874","180,823","181,522","182,048","182,263","182,806","187,343"
Mockau-Nord,Wohnfläche insgesamt,"430,5","433","427,5","427,2","426,2","412,6","412,2","408,8","409,1","410,629","411,5","421,44196","422,08196","422,59996","423,018","423,367","424,072","424,307","425,402","426,418","427,831","428,532","430,405","431,321","432,444"
Thekla,Wohnfläche insgesamt,"209,7","211","212,1","214,6","216,6","217,1","211,6","208,6","209,7","210,162","211","219,26024","219,63824","221,69924","222,2802","223,4682","224,4302","226,6852","227,834","227,881","230,76","230,813","232,225","232,743","233,738"
Plaußig-Portitz,Wohnfläche insgesamt,"96,7","98,6","100,9","102,3","103,5","104,9","106,5","108,1","108,7","109,453","109,9","118,49338","118,94538","119,91238","120,2084","120,7574","121,9514","123,1344","124,549","126,762","135,289","136,006","139,532","145,91","149,736"
Neustadt-Neuschönefeld,Wohnfläche insgesamt,"463,3","461,9","458,7","454,4","450,9","451","449,5","447,8","447,8","447,262","447,3","460,85462","461,05262","461,41262","462,3476","463,5116","466,3886","467,9736","469,28","470,024","483,131","483,519","485,704","489,989","491,059"
Volkmarsdorf,Wohnfläche insgesamt,"442,7","440,7","436,4","434,2","433,8","430,5","429,5","428,2","427,3","427,446","427,4","442,05038","442,09938","442,06838","442,6864","443,0984","444,2654","445,6674","450,148","448,194","448,861","450,778","456,669","456,471","457,29"
Anger-Crottendorf,Wohnfläche insgesamt,"436,4","438,5","438,3","437,8","432,5","432,9","433","433,2","432,7","432,625","433,2","432,39286","432,76486","433,17686","433,8549","434,4459","436,0049","436,9979","437,585","443,033","445,62","448,546","449,943","453,131","466,928"
Sellerhausen-Stünz,Wohnfläche insgesamt,"344,4","345,5","345,9","347,2","346,2","346,4","346,5","347,3","346,7","347,407","347,5","349,569","350,601","351,911","352,816","353,389","353,411","354,395","355,178","355,58","355,736","359,124","359,675","360,231","360,626"
Paunsdorf,Wohnfläche insgesamt,"500,7","503,8","505,2","506,3","498,9","498,7","499,2","498,1","498,5","499,164","499,6","517,9835","518,3325","518,7975","518,8425","519,5275","519,6005","520,0215","520,214","520,762","521,398","522,828","530,165","530,932","531,009"
Heiterblick,Wohnfläche insgesamt,"110,7","119,1","118,5","121,3","127,2","129,7","134,6","136,5","136,5","137,864","139","156,54026","158,42326","161,95826","162,6353","163,5693","165,2443","166,3583","167,778","167,974","167,974","167,995","168,135","168,181","169,722"
Mölkau,Wohnfläche insgesamt,"191,2","201,2","204,8","207,1","208,8","210","211,4","212,7","214,9","216,495","217,5","262,2544","264,4564","265,9724","266,7724","271,2204","273,0874","273,8284","274,192","276,563","277,353","278,372","278,872","280,726","281,913"
Engelsdorf,Wohnfläche insgesamt,"374,2","383,5","387,9","397,4","405,3","411,2","415,5","423,6","431,2","437,091","313,4","356,60592","359,92192","363,26192","366,8779","371,3089","374,3359","377,8109","379,645","380,969","381,699","384,767","385,341","387,988","389,035"
Baalsdorf,Wohnfläche insgesamt,".",".",".",".",".",".",".",".",".",".","57,1","75,4466","76,7226","79,7536","82,7576","83,0016","84,2526","84,7996","85,386","86,496","87,676","88,726","90,565","91,786","91,903"
Althen-Kleinpösna,Wohnfläche insgesamt,".",".",".",".",".",".",".",".",".",".","71,7","82,11172","82,66672","83,36672","83,8337","84,0857","84,3847","84,9307","85,308","85,987","86,664","86,85","88,07","90,003","91,19"
Reudnitz-Thonberg,Wohnfläche insgesamt,"712,9","711,5","710,4","710,2","708,8","708,6","706,1","706,6","708,3","710,92","711,2","748,10978","754,06178","754,92978","758,9648","761,7468","764,9388","780,7248","809,189","819,632","820,117","832,003","834,733","870,353","872,962"
Stötteritz,Wohnfläche insgesamt,"599,8","602,6","605,4","608,2","611,3","612,2","614,7","610","611,6","613,638","614,7","662,16624","665,14124","667,58224","670,2622","670,9062","673,7732","684,1872","687,044","696,417","702,62","705,373","718,844","720,37","722,777"
Probstheida,Wohnfläche insgesamt,"217,6","223,5","223,8","226,8","227,8","230,9","229,9","232,6","236,5","236,647","237,5","252,38286","258,02186","261,75686","263,4889","265,1809","267,2459","276,0179","277,383","283,677","287,117","293,157","297,245","301,744","304,146"
Meusdorf,Wohnfläche insgesamt,"125,5","126,1","127","128,3","129,4","129,6","122,5","123,1","123,9","124,657","126,3","131,54572","132,22472","132,76572","133,2907","134,2887","135,7117","136,0407","136,781","137,797","139,183","140,072","145,533","157,001","173,236"
Liebertwolkwitz,Wohnfläche insgesamt,"162,3","167,6","168,5","169,5","171,8","172,8","175,4","177,5","180","181,922","182,8","226,8463","228,8923","230,4233","231,6153","232,6243","234,3033","235,6113","235,892","237,593","239,018","240,269","242,225","244,332","245,581"
Holzhausen,Wohnfläche insgesamt,"226,1","228,2","231,5","234,1","235,8","237,7","240,1","243","245,9","248,666","250,7","290,28926","291,42026","294,85726","296,7453","298,9303","301,2843","303,0193","304,165","309,781","312,27","315,447","317,287","322,867","325,112"
Südvorstadt,Wohnfläche insgesamt,"880,4","888,5","887,3","889,2","892,4","893,9","898,7","904,1","907,5","908,739","909,4","986,86072","989,16472","990,89072","997,7457","1001,0647","1003,0677","1009,5407","1027,448","1031,839","1034,109","1037,19","1040,949","1048,526","1050,272"
Connewitz,Wohnfläche insgesamt,"641","644,6","646","646,3","649,5","652,5","655,6","661,8","666","667,432","671,2","702,89006","704,90506","707,10506","708,7441","715,0761","720,7861","724,8131","741,31","756,07","760,024","763,26","777,264","787,717","788,091"
Marienbrunn,Wohnfläche insgesamt,"228,5","228,3","228,4","228,8","221,8","222,1","214,3","214,8","215,7","215,861","215,9","233,926","233,987","234,098","235,01","235,025","235,282","235,445","235,475","235,476","235,598","235,714","237,927","238,011","238,032"
Lößnig,Wohnfläche insgesamt,"374,9","374,9","376,2","376","376,2","379,1","366,8","366,8","367","367,678","367,8","357,541","357,945","358,309","358,386","359,578","359,589","359,632","360,012","360,13","360,466","360,496","360,496","360,601","360,577"
Dölitz-Dösen,Wohnfläche insgesamt,"153,7","158,7","159","156,7","157,3","157,7","158,5","158,4","159,5","163,905","165,1","174,6156","176,3826","177,6286","178,7816","183,8696","185,2726","185,5896","185,814","187,435","187,631","187,645","188,383","190,599","191,744"
Schleußig,Wohnfläche insgesamt,"439,8","443,8","446,3","449","451,9","457,9","461,3","463,3","465","468,715","469","503,01774","503,17374","503,77774","503,8827","504,4497","504,4667","509,4457","510,334","517,275","517,891","517,581","519,856","519,893","519,897"
Plagwitz,Wohnfläche insgesamt,"467,6","482,9","480,8","481,4","483","484","485,2","487,9","490,7","493,139","493,4","535,27296","536,66096","559,35996","564,614","569,754","575,379","580,346","581,415","590,564","595,101","597,045","599,295","599,455","600,27"
Kleinzschocher,Wohnfläche insgesamt,"374,4","373,3","371,4","370","369,6","370","369,7","370,2","369,9","370,211","370","391,63032","392,14532","393,48432","393,6763","394,9543","396,0263","396,5473","399,831","401,406","403,842","405,316","408,115","412,311","414,226"
Großzschocher,Wohnfläche insgesamt,"320,4","323,7","323,2","325,7","327,6","328,8","329,8","331,1","332","333,282","334,7","364,46894","366,26494","367,35794","368,5219","369,2439","373,3519","374,6069","380,65","380,886","381,66","385,954","387,583","389,045","389,644"
Knautkleeberg-Knauthain,Wohnfläche insgesamt,"204,3","237","240","243,5","246,5","250,3","255,2","258,2","261,6","265,184","220,7","227,05998","228,36298","234,22298","236,219","240,13","243,089","248,934","251,303","255,656","257,065","261,43","265,294","267,849","271,022"
Hartmannsdorf-Knautnaundorf,Wohnfläche insgesamt,"27,7",".",".",".",".",".",".",".",".",".","47,5","56,68078","57,17278","57,41478","58,0628","59,2248","59,8548","60,9278","61,157","61,911","62,649","62,768","64,617","64,785","65,589"
Schönau,Wohnfläche insgesamt,"181,2","181,4","181,5","167,5","169,3","171,6","174,9","176,2","177,6","178,236","178,7","196,13818","189,01118","186,99618","188,4232","191,3462","195,4572","198,1952","204,154","206,19","216,557","216,557","224,366","224,366","224,764"
Grünau-Ost,Wohnfläche insgesamt,"290,9","290,9","283,7","276,7","276,7","276,7","277","277","275,1","275,05","275,1","261,126","261,126","261,126","261,126","261,126","261,126","261,126","261,126","261,279","261,279","261,279","261,279","262,222","262,222"
Grünau-Mitte,Wohnfläche insgesamt,"553,5","524,8","517,5","517,5","517,5","492,8","492,8","488,4","488,4","482,159","482,2","474,587","474,587","474,587","474,587","474,587","474,587","474,058","474,204","474,204","474,204","474,286","474,541","474,625","474,625"
Grünau-Siedlung,Wohnfläche insgesamt,"131,3","134,5","136,6","140,4","144,9","148","140,8","141,3","142,1","142,838","143,9","165,02636","165,77436","168,44436","168,9684","170,0094","171,3324","172,3494","173,76","174,51","176,27","176,862","178,146","178,878","179,071"
Lausen-Grünau,Wohnfläche insgesamt,"603,6","604","593,2","576,7","576,8","575,1","563,6","518,4","520,4","521,41","523,2","507,20102","508,95502","507,84602","509,58","515,684","515,209","515,633","514,534","517,808","522,953","527,238","531,241","531,344","531,213"
Grünau-Nord,Wohnfläche insgesamt,"425,3","425,3","425,6","418,2","414,7","411,2","406,2","406,2","362","354,203","354,7","344,509","331,789","331,992","331,819","332,034","332,034","332,034","332,034","332,034","332,034","332,034","332,048","332,048","332,048"
Miltitz,Wohnfläche insgesamt,"48,9","50,3","50,9","51,2","51,6","53,6","54,1","54,4","54,5","54,596","54,6","85,62766","85,809","86,40766","87,6867","87,8717","89,6437","90,3657","90,386","90,619","90,632","90,632","90,616","90,616","90,641"
Lindenau,Wohnfläche insgesamt,"268,3","267,8","266,1","259","255,5","256,4","255,7","257,5","257,7","259,229","260,6","277,59274","279,03674","280,56374","285,5737","287,9667","297,2597","298,7987","302,102","305,791","306,449","311,563","313,294","319,039","341,602"
Altlindenau,Wohnfläche insgesamt,"607,7","606,5","607","605,3","605,4","605,9","606,5","605,1","604,5","604,755","604,5","637,13714","636,55814","643,22014","644,6731","647,0041","656,1651","658,8431","669,962","674,099","682,234","685,018","693,565","696,941","698,779"
Neulindenau,Wohnfläche insgesamt,"252","252,6","253,1","252,9","253,4","253,6","256","256,1","256,1","256,088","256,7","254,81274","255,85874","256,16074","259,3837","259,7537","260,3927","261,8327","261,943","262,326","262,505","265,392","285,364","290,455","308,732"
Leutzsch,Wohnfläche insgesamt,"349,6","350,2","350,3","351","351,3","352,3","353,5","354,1","354,8","354,662","356,7","423,55282","425,03982","427,95782","429,8158","430,9038","431,1998","432,3978","432,853","436,331","436,98","447,013","447,909","451,423","460,72"
Böhlitz-Ehrenberg,Wohnfläche insgesamt,"313,2","318,9","323","325,6","331,7","336,1","339,8","343,8","347","348,915","350,6","411,5793","413,1203","414,5563","416,2203","417,6803","418,8853","420,1323","421,195","424,537","426,883","428,84","429,907","430,137","431,427"
Burghausen-Rückmarsdorf,Wohnfläche insgesamt,"150,5","152,6","155,2","159,2","162,9","164,7","166,7","168,9","170,5","172,066","173,7","210,19606","212,47206","216,78606","217,9691","220,0061","220,8161","222,7841","224,391","225,969","227,459","228,675","230,216","231,251","232,178"
Möckern,Wohnfläche insgesamt,"546,8","548,7","547,3","544,7","544,5","545,7","533,5","534","536,8","536,85","537,5","535,56146","536,66146","538,47146","540,4005","540,0365","547,0185","555,8235","561,145","584,639","599,952","602,252","610,422","627,921","632,557"
Wahren,Wohnfläche insgesamt,"246,9","248,7","249,8","250,7","252,6","253,5","254,3","255,1","258,3","258,729","260,7","286,34922","287,12222","288,45722","288,6852","288,8892","290,1432","290,9292","291,449","296,104","296,736","296,743","301,839","308,388","309,825"
Lützschena-Stahmeln,Wohnfläche insgesamt,"122,6","128,4","130,9","132,6","139,9","140,9","142,9","143,9","144,2","145,979","147,2","176,9343","177,7453","179,8533","180,3053","180,5943","181,4763","183,8403","190,455","191,797","193,387","194,526","196,073","197,397","198,553"
Lindenthal,Wohnfläche insgesamt,"173,7","179,5","181,4","182,3","185","186,9","190,7","192,7","194,1","196,769","197,3","268,16776","268,82976","271,43676","273,9688","276,3258","280,2688","282,1238","283,633","287,192","289,799","293,465","295,618","299,654","308,797"
Gohlis-Süd,Wohnfläche insgesamt,"673,3","677,3","679,1","681,5","684,3","696,7","702,3","706,9","717","726,907","732,9","776,51884","779,07984","788,26384","792,8768","797,7338","801,9198","803,6978","808,97","813,534","817,668","818,324","823,709","828,695","830,031"
Gohlis-Mitte,Wohnfläche insgesamt,"635,9","637","638,4","639,7","637,5","638,7","639,7","640","641","641,959","642,9","678,63946","680,76146","694,85646","699,4325","706,7185","711,0595","714,7135","722,657","735,022","743,619","746,013","747,652","749,797","750,617"
Gohlis-Nord,Wohnfläche insgesamt,"300,4","300,4","300,3","302,8","303,7","303,8","304","307,3","310,9","313,509","317,4","353,33448","353,33948","353,54748","353,8595","353,5645","355,3945","355,7775","357,632","367,061","402,13","402,335","402,666","403,205","403,23"
Eutritzsch,Wohnfläche insgesamt,"517,1","518,5","519,8","539,5","537,2","538,8","529","526,3","528,7","531,122","530,9","536,40418","537,72618","539,93818","541,0112","550,5172","558,8562","560,7312","561,901","567,214","570,41","585,03","589,049","601,783","602,553"
Seehausen,Wohnfläche insgesamt,"55,6","56,5","59,1","59,9","60,7","61,4","61,7","61,8","63,7","64,031","64","101,4687","101,9137","102,5167","106,0677","106,9677","107,6847","108,6907","109,685","112,215","112,714","116,916","120,928","124,473","130,163"
Wiederitzsch,Wohnfläche insgesamt,"198,5","248,2","254,5","262,2","270,3","275,7","284,8","288,7","291,4","293,433","294,2","372,5384","373,3314","377,9024","378,8344","380,1934","383,2184","384,6464","389,291","393,137","395,686","398,023","411,901","412,682","415,108"
Mitte,Wohnfläche insgesamt,"2164,4","2159,4","2157,2","2151,8","2151,2","2161,1","2171,1","2177,6","2194,4","2218,759","2231,7","2453,41144","2469,74544","2485,82844","2493,7535","2549,2855","2582,4845","2624,8695","2671,947","2707,171","2784,706","2818,538","2839,408","2845,158","2899,504"
Nordost,Wohnfläche insgesamt,"1722,5","1730,7","1722,2","1724,1","1720,6","1709","1698,1","1695,6","1697,1","1700,488","1703,3","1745,99062","1747,70362","1751,88462","1753,7507","1758,8227","1763,2207","1768,0987","1776,088","1781,767","1798,798","1801,641","1821,543","1833,55","1845,837"
Ost,Wohnfläche insgesamt,"2863,6","2894,4","2897,4","2905,7","2903,6","2910,4","2919,2","2927,4","2935,6","2945,354","2953,7","3135,80926","3147,04126","3161,67926","3173,4243","3187,1583","3200,9753","3212,7833","3224,714","3235,582","3256,112","3271,505","3293,139","3309,438","3330,675"
Südost,Wohnfläche insgesamt,"2044,3","2059,5","2066,5","2077,1","2084,9","2091,8","2088,7","2092,8","2106,2","2116,45","2123,2","2311,34016","2329,76216","2342,31516","2354,3672","2363,6772","2377,2572","2415,6012","2450,454","2484,897","2500,325","2526,321","2555,867","2616,667","2643,814"
Süd,Wohnfläche insgesamt,"2278,5","2295","2296,9","2297","2297,3","2305,3","2293,9","2305,9","2315,7","2323,615","2329,4","2455,83338","2462,38438","2468,03138","2478,6674","2494,6134","2503,9974","2515,0204","2550,059","2570,95","2577,828","2584,305","2605,019","2625,454","2628,716"
Südwest,Wohnfläche insgesamt,"1834,1","1860,8","1859,5","1869,6","1878,5","1891","1901,2","1910,7","1919,2","1930,531","1935,3","2078,13072","2083,78072","2115,61772","2124,9767","2137,7567","2152,1677","2170,8077","2184,69","2207,698","2218,208","2230,094","2244,76","2253,338","2260,648"
West,Wohnfläche insgesamt,"2234,7","2211,2","2190,2","2148,2","2151,4","2129","2109,4","2061,9","2020,1","2008,492","2012,4","2034,21522","2017,05122","2017,39922","2022,1903","2032,6583","2039,3893","2043,7613","2050,198","2056,644","2073,929","2078,888","2092,237","2094,099","2094,584"
Alt-West,Wohnfläche insgesamt,"1941,3","1948,7","1953,5","1953","1960,3","1969","1978,2","1985,5","1990,6","1995,715","2002,8","2214,8708","2222,0858","2239,2448","2253,6357","2263,3147","2284,7187","2294,7887","2312,446","2329,053","2342,51","2366,501","2400,255","2419,246","2473,438"
Nordwest,Wohnfläche insgesamt,"1090,1","1105,3","1110,2","1110,3","1122,1","1127","1121,4","1125,7","1133,4","1138,327","1142,7","1267,01274","1270,35874","1278,21874","1283,3598","1285,8458","1298,9068","1312,7168","1326,682","1359,732","1379,874","1386,986","1403,952","1433,36","1449,732"
Nord,Wohnfläche insgesamt,"2380,9","2438","2452,4","2485,5","2493,7","2515,1","2521,5","2531","2552,7","2570,961","2582,3","2818,90406","2826,15206","2857,02506","2872,0821","2895,6951","2918,1331","2928,2571","2950,136","2988,183","3042,227","3066,641","3095,905","3120,635","3131,702"
Stadt Leipzig,Wohnfläche insgesamt,"20598,3","20769,4","20779,6528","20791,7","20845,4","20883,9","20877","20891,944","20949,4","21035,9","21097,2","22506,0829","22566,8359","22719,2609","22861,2359","23032,9649","23191,8849","23364,4849","23578,603","23802,866","24060,626","24217,531","24442,907","24644,304","24854,023"
Zentrum,Wohnfläche je Wohnung,"56,3","57,8","57,6","57,9","58","58,9","59,2","59,2","58,5","57,2","57,9","55,4274755639873","55,4274755639873","55,4274755639873","55,420618556701","55,420618556701","55,420618556701","55,3065843621399","55,30812757","55,31813576","52,33198015","51,84903934","51,81369863","51,856621","52,05763952"
Zentrum-Ost,Wohnfläche je Wohnung,"61,1","61,1","60,6","59,6","59,7","59,6","59,9","60,4","61","61,2","61,2","62,0050912823928","62,3407874538439","62,2368020585468","62,7032011134308","62,4263485477178","63,1893369788107","63,9135841836735","66,55236686","66,40870307","63,24656851","62,70193428","62,83865045","62,89178678","62,85969272"
Zentrum-Südost,Wohnfläche je Wohnung,"58,8","58,7","58,5","58,6","58,6","58,6","58,9","59,1","59","58,6","58,6","58,3105583610574","58,3202604615999","58,3087345679953","58,5129401005944","59,5734417344174","59,8519510111079","60,3419464033851","61,43160246","61,86749311","61,83415022","62,00013127","62,00065608","62,00458716","62,017691"
Zentrum-Süd,Wohnfläche je Wohnung,"67,8","67,8","67,9","68","67,9","68,2","68,2","68,1","68,4","68,4","68,4","66,9096689859178","67,2718128449106","67,5510085829138","67,6507349149046","67,8210056568196","67,8620304443899","68,3595258358663","68,73280967","68,93041175","69,29694683","69,26028686","69,46368194","69,19810119","69,94418814"
Zentrum-West,Wohnfläche je Wohnung,"75,1","74,3","74,4","74,2","73","72,9","72,9","72,6","72,6","72,8","72,6","70,9518257234307","71,1059984368894","72,0065050075677","71,9801384194431","72,291589382795","72,2949369110366","72,4124043367347","72,66269652","72,76996257","73,04784542","73,07374319","73,34019225","73,4115177","73,45371617"
Zentrum-Nordwest,Wohnfläche je Wohnung,"85,5","85,2","85","85","85","85","84,9","85,1","84,9","82,1","82,2","80,6327959762257","80,7618399837035","81,0105593244233","80,783074295474","80,9517282683094","80,8999831365936","81,1199162479062","80,99782827","81,00831255","80,95787728","81,18753068","81,13300654","81,21196274","81,61271676"
Zentrum-Nord,Wohnfläche je Wohnung,"69,2","69,2","69,1","69,1","69,3","69,2","69,3","69,5","69,7","69,9","70,1","68,6372006140302","69,0842646327309","69,0890546988707","69,2543601982743","69,171718093847","68,3398187633262","68,534056820187","68,54007768","68,55631941","66,69540327","66,6522471","66,56956957","66,6148074","63,55468389"
Schönefeld-Abtnaundorf,Wohnfläche je Wohnung,"65","65","65,2","65,3","65,3","65,3","65,4","65,5","65,4","65,3","65,2","64,4119268961698","64,4560255286841","64,5019788786449","64,455163082182","64,3685953938015","64,3573740241306","64,3561587526577","64,58235211","64,69109948","64,71087571","64,75465839","64,99585635","65,01757518","65,05975877"
Schönefeld-Ost,Wohnfläche je Wohnung,"56,5","56,6","56,6","56,7","56,8","56,8","56,8","56,9","56,9","57","57","58,6572770416918","58,6572770416918","58,6779141407323","58,6842304526749","58,5286342894394","58,5286342894394","58,5322959100538","58,53070459","58,51121149","58,54191377","58,56753725","58,71343905","58,76892303","58,76058138"
Mockau-Süd,Wohnfläche je Wohnung,"61,3","61,3","61,4","61,4","61,4","61,4","61,3","61,3","61,3","61,3","61,1","62,4507650714903","62,4495281111901","62,4495281111901","62,4599860578599","62,4624521072797","62,3875735548633","62,8396036161335","62,84711605","62,85123392","62,8974359","62,94882434","62,97961299","63,05829596","62,7825067"
Mockau-Nord,Wohnfläche je Wohnung,"59,5","59,7","60,3","60,3","60,2","60,5","60,6","60,9","61","61","61,1","62,2214354682974","62,2791452592936","62,3279874223112","62,410445559162","62,4527216403599","62,4553755522828","62,4623877520977","62,56831887","62,63484136","62,76863263","62,84381874","62,9891702","63,10475494","63,21356527"
Thekla,Wohnfläche je Wohnung,"60,3","60,5","60,8","60,7","60,9","61","61,5","62,1","62,7","62,8","63,1","68,0437942613132","68,0765945312645","68,3763084685752","68,4570988604866","68,611667178385","68,801410177805","69,1535082367297","69,3347535","69,30687348","69,90608906","69,9221448","70,20102781","70,27264493","70,40301205"
Plaußig-Portitz,Wohnfläche je Wohnung,"87,5","87,8","88,2","88,6","89,1","89,4","90","90,5","90,5","90,8","91","96,2343701778608","96,2886586254351","96,6022556996697","96,6305466237942","96,6832666132906","96,9406995230525","97,1857932123125","97,6854902","98,18900077","99,69712601","100,0044118","100,0946915","97,86049631","97,04212573"
Neustadt-Neuschönefeld,Wohnfläche je Wohnung,"64,7","64,7","64,6","64,6","64,7","64,7","64,8","64,9","65","65,1","65,1","63,8163144353452","63,7907321676135","63,7699562440053","63,6667033874966","63,774298293891","64,0819730695246","64,1587057855772","64,22334748","64,14958373","64,59834202","64,66751371","64,657082","64,42984878","64,38429264"
Volkmarsdorf,Wohnfläche je Wohnung,"62,5","62,4","62,6","62,5","62,5","62,2","62,2","62,2","62,3","62,3","62,3","62,7707396731182","62,7776976271957","62,826823756804","62,935228888257","63,0475811041548","63,1597099800967","63,3500213219616","63,44580691","63,55558707","63,67725919","63,81342016","64,03996634","64,01220025","63,99244332"
Anger-Crottendorf,Wohnfläche je Wohnung,"63,9","64","63,2","64,3","64,5","64,4","64,4","64,5","64,5","64,5","64,5","62,1257679641837","62,1702839838183","62,1937326273231","62,2817829457364","62,3218906900014","62,4380495489045","62,5444253613854","62,63741769","63,16410037","63,36129674","63,551431","63,63215952","63,74046983","63,91021079"
Sellerhausen-Stünz,Wohnfläche je Wohnung,"60,1","60,2","60,3","60,5","60,6","60,7","60,7","60,9","60,8","60,9","60,9","62,9704286548064","63,0881432057179","63,255574009764","63,3991015274034","63,4450628366248","63,449012567325","63,637098222302","63,76624776","63,8155061","63,82059562","64,00356443","64,1474942","64,2581163","64,3745091"
Paunsdorf,Wohnfläche je Wohnung,"56,7","56,9","56,9","57","57","57,1","57,1","57,2","57,2","57,2","57,3","60,1189301739326","60,1245450053242","60,1575490666722","60,1626275510204","60,2211081488351","60,2156101518136","60,2504344803615","60,32865592","60,39220689","60,43792744","60,53351858","60,8126864","60,85180516","60,86063037"
Heiterblick,Wohnfläche je Wohnung,"65,2","67,2","68,1","68,7","70","70,5","71,5","72","71,9","72,2","72,5","73,1400844749285","73,3006644210838","73,9440893401757","74,0935307517084","74,2821525885559","74,6360885275519","74,9024313372355","75,20304796","75,25716846","75,25716846","75,26657706","75,2955665","75,31616659","75,26474501"
Mölkau,Wohnfläche je Wohnung,"75,5","75,3","75,8","76,2","76,4","76,6","76,7","77","77,3","77,7","77,8","86,4208368757868","86,7178205809249","86,9583014562123","87,1235793598955","87,7168175937904","88,0075410892685","88,0760373110325","88,07966592","88,44355612","88,52633259","88,62527857","88,69974555","88,97812995","89,15654649"
Engelsdorf,Wohnfläche je Wohnung,"70,3","70,9","72,5","71,9","72,5","74,1","74,4","75","75,3","75,7","76","76,2907643925294","76,6231494688438","76,9410797873467","77,2699873631003","77,6147366220736","77,5986525704809","77,8349608570251","78,03597122","78,13146021","78,1529484","78,45982871","78,52883636","78,74731074","78,84779084"
Baalsdorf,Wohnfläche je Wohnung,".",".",".",".",".",".",".",".",".",".","77,7","104,508255762411","104,967164669184","106,491481066068","107,757291666667","107,794285714286","108,29383033419","108,578233034571","108,9107143","109,2121212","109,595","109,9454771","110,176399","110,7189385","110,726506"
Althen-Kleinpösna,Wohnfläche je Wohnung,".",".",".",".",".",".",".",".",".",".","75,7","91,7141963587624","91,8213040097745","92,087396443168","92,2262926292629","92,3004390779363","92,3246170678337","92,5171023965142","92,72608696","92,95891892","93,28740581","93,2867884","93,1957672","93,753125","94,01030928"
Reudnitz-Thonberg,Wohnfläche je Wohnung,"66,5","66,7","66,7","66,7","66,7","66,7","66,6","66,5","66,4","66,5","66,5","66,014773491369","65,8083005918771","65,7348956764184","66,0084188554531","65,9235655560364","65,9998964624676","66,0959024720623","64,96379255","65,25732484","65,32194345","65,59985808","65,67529504","65,73663142","65,51801261"
Stötteritz,Wohnfläche je Wohnung,"67,2","67,2","67,3","67,5","67,6","67,7","67,6","67,9","68,2","68,2","68,3","70,9326523223005","71,0610354118635","71,2153050839864","71,3652257240204","71,3957858891135","71,5790077552321","71,9515406457041","72,09275971","72,44533444","72,56222245","72,68140134","72,75012651","72,74260325","72,845898"
Probstheida,Wohnfläche je Wohnung,"63,9","64,5","64,9","65,9","66,1","66,9","67,1","67,5","67,8","67,9","68","73,0866616471678","73,8428996622975","74,3585194023067","74,5582625919638","74,5937834036568","75,0269230769231","76,2059359469906","76,49834528","77,233052","77,49446694","77,61636219","77,28679147","77,15264638","77,29250318"
Meusdorf,Wohnfläche je Wohnung,"69,5","69,7","70,2","70,5","70,7","70,9","74,1","74,2","74,7","74,9","75,3","78,4121076286644","78,6293692986525","78,7637308527426","78,8702366863905","79,2263716814159","79,6430164319249","79,7424970691677","80,03569339","80,34810496","80,87332946","81,20115942","82,68920455","82,8938754","83,56777617"
Liebertwolkwitz,Wohnfläche je Wohnung,"68,5","69","69,2","69,2","69,5","69,6","70,1","70,4","70,9","71,3","71,5","79,1000543963401","79,4533191707974","79,6529707830367","79,8123018607857","79,8847184065934","80,1585015395142","80,3311626321173","80,39945467","80,75900748","80,91333785","81,03507589","81,31084256","81,71638796","81,94227561"
Holzhausen,Wohnfläche je Wohnung,"74,1","74,3","74,8","75,3","75,5","75,9","76,2","76,7","77,1","77,5","77,8","87,6948541184574","87,8772397488707","88,3541570528764","88,5278341288783","88,8351560178306","89,1110026619343","89,3071912761568","89,46029412","90,07880198","90,46060255","90,85455069","91,14823327","91,88019351","91,99547255"
Südvorstadt,Wohnfläche je Wohnung,"71,2","71,1","71,1","70,8","71","71,1","71,2","71,4","71,5","71,6","71,6","71,1945725774918","71,2169313997808","71,2847430948328","71,6977364185111","71,7969375313778","71,8632827052586","72,094601156895","72,39117875","72,41483613","72,48258218","72,54598867","72,61083984","72,67299695","72,69827646"
Connewitz,Wohnfläche je Wohnung,"65,4","65,6","65,5","65,5","65,8","65,9","66,1","66,4","66,6","66,7","66,9","67,3265051216377","67,4549005647836","67,6330662208203","67,6476185931087","67,8569083317518","67,8131621036786","67,4495719337428","67,74284931","68,26817156","68,4090009","67,85136457","68,13323983","67,45307416","67,47354452"
Marienbrunn,Wohnfläche je Wohnung,"70,9","70,9","70,9","71,1","68,9","69,3","68,9","69,1","69,3","69,3","69,3","72,5127092374457","72,5316181029138","72,5660260384377","72,5787523162446","72,6058078467717","72,6627547869055","72,690645260883","72,69990738","72,70021612","72,98574969","73,29415423","73,43425926","73,46018519","73,44399877"
Lößnig,Wohnfläche je Wohnung,"58,9","58,9","58,9","58,9","59","59,5","59,1","59,1","59,1","59","59","60,6515691263783","60,6995082245209","60,678916172735","60,671406805485","60,8938187976291","60,8956816257409","60,9029635901778","60,96731583","60,9872989","61,03386387","61,03894345","61,03894345","61,05672198","61,05265831"
Dölitz-Dösen,Wohnfläche je Wohnung,"65,4","66,7","66,7","68,4","68,5","68,6","68,7","69","69,5","70,3","70,9","73,8869706509597","74,1639335990716","74,4062698971214","77,0278328306764","76,8043441938179","77,2613010842369","77,3612338474364","77,45477282","77,87079352","78,01704782","78,02286902","78,0700373","78,30690222","78,42290389"
Schleußig,Wohnfläche je Wohnung,"75,8","75,8","75,3","76,2","76,5","76,6","76,9","77","77,1","77,3","77,4","79,0215094304054","79,0211885834179","79,0043785226563","78,9661024917724","79,042572861172","79,0452366029458","79,4023846633416","79,45414915","79,76484194","79,83520888","79,82433683","80,05174007","80,06976744","80,08271719"
Plagwitz,Wohnfläche je Wohnung,"63,1","63,8","64,3","63,9","64","64,2","64,3","64,6","64,9","65,1","65,2","63,5067460788268","63,618587889421","64,6389895534806","64,8608845491097","65,1817869808946","65,5329157175399","65,8959918246849","65,93501928","66,31824818","66,38047964","66,3973532","66,44068736","66,47316478","66,50454243"
Kleinzschocher,Wohnfläche je Wohnung,"59","59,1","59,3","59,3","59,4","59,4","59,4","59,6","59,7","59,7","59,7","62,4247358790112","62,5467044359804","62,5905602993014","62,6873089171974","62,8207889295371","62,9112470214456","62,9540085727893","63,24438469","63,39324068","63,55712937","63,69888417","63,86776213","63,90437074","64,07208043"
Großzschocher,Wohnfläche je Wohnung,"62,4","62,7","62,2","63","63,3","63,4","63,5","63,6","63,7","63,9","64","67,6337741192015","67,7407848547956","67,817506821295","67,9428281710914","68,0257737656596","68,3794688644689","68,5214743003475","69,1462307","69,16397313","69,22909487","69,61652237","69,80961816","69,93438792","69,97916667"
Knautkleeberg-Knauthain,Wohnfläche je Wohnung,"75,8","77,5","78,5","78,1","79,5","80,6","81,7","82,2","82,7","83","82,8","90,4520531574167","90,610162362912","91,2694561778138","91,6999223602485","92,2512485593546","92,2188922610015","92,8511749347258","93,24786642","93,68120191","93,92217757","94,48138778","95,15566714","95,45580898","96,07302375"
Hartmannsdorf-Knautnaundorf,Wohnfläche je Wohnung,"87,7",".",".",".",".",".",".",".",".",".","86,1","97,1692724405129","97,3451951236123","97,5910728855045","98,0790540540541","98,8727879799666","99,0973509933775","99,7181669394435","99,92973856","100,1796117","100,3990385","100,4288","100,8065523","100,911215","101,374034"
Schönau,Wohnfläche je Wohnung,"60,7","60,8","60,8","61,4","61,6","62","62,5","62,7","62,9","63","63","65,7683032331185","65,8975058049131","66,117040158967","66,3695667488552","66,8341599720573","67,5387698686938","67,9448748714433","68,34750586","68,50166113","68,94524037","68,94524037","69,3987009","69,3987009","69,39302254"
Grünau-Ost,Wohnfläche je Wohnung,"56,9","56,9","56,9","57","57","57","57","57","56,6","56,6","56,6","58,248048182021","58,248048182021","58,248048182021","58,248048182021","58,248048182021","58,248048182021","58,248048182021","58,24804818","58,28217711","58,28217711","58,28217711","58,28217711","58,62329533","58,62329533"
Grünau-Mitte,Wohnfläche je Wohnung,"62","59,7","59,7","59,7","59,7","60","60","60,3","60,3","60,2","60,2","62,6517491749175","62,6517491749175","62,6517491749175","62,6517491749175","62,6517491749175","62,6517491749175","62,041355843476","62,05234232","62,05234232","62,05234232","62,06307249","62,08019362","62,38498948","62,38498948"
Grünau-Siedlung,Wohnfläche je Wohnung,"73,7","74,4","74,7","75,5","76,4","76,8","82,4","82,5","82,7","82,8","83","91,786355495734","91,8957171524552","91,0539585067624","91,0390086206897","91,2067596566524","91,4748531767218","91,6752127659574","91,98517734","92,18700475","92,62743037","92,69496855","92,88112617","93,02028081","93,07224532"
Lausen-Grünau,Wohnfläche je Wohnung,"57,6","57,7","57,8","57,9","57,9","58,5","58,2","58,3","58,4","58,5","58,6","59,7739413481165","59,8677640648746","60,4124063799617","60,5345687811832","60,8046220964509","60,9570515854236","60,9927844807192","61,19576594","61,20661939","61,27158758","62,01340861","61,95952881","61,97154187","61,98518086"
Grünau-Nord,Wohnfläche je Wohnung,"60,4","60,4","60,4","60,5","60,4","60,6","61","61","60,9","61,1","61,2","61,4098039215686","61,5792501855976","61,6283645813997","61,5962502320401","61,6247216035635","61,6247216035635","61,6247216035635","61,6247216","61,6247216","61,6247216","61,6247216","61,75339409","61,75339409","61,75339409"
Miltitz,Wohnfläche je Wohnung,"69,4","70","70,2","70,5","70,5","69,8","70,1","70,2","70,2","70,3","70,3","82,5199583678662","82,61477288","82,87232655","83,2732193732194","83,369734345351","83,389488372093","83,7494902687674","83,76830399","83,82886216","83,84088807","83,84088807","83,9037037","83,9037037","83,92685185"
Lindenau,Wohnfläche je Wohnung,"62,1","62","62,1","61,6","61,5","61,6","61,6","61,9","61,9","62,2","62,3","62,0557488017741","62,28109404","62,53816971","63,2359831709477","63,5267372600927","63,7622694122694","64,0100042844902","64,29070015","64,58099261","64,69263247","64,9495518","65,03923604","65,49763909","65,49118098"
Altlindenau,Wohnfläche je Wohnung,"60,9","61","61","60,9","61","61","60,9","60,9","60,9","60,9","60,9","61,6407360467479","61,71009471","62,10906791","62,2451578642464","62,4340538454116","62,8932330106393","63,0652914712358","63,58185442","63,90775502","64,41030967","64,50263653","64,23087609","64,30531463","64,33836663"
Neulindenau,Wohnfläche je Wohnung,"60,9","61,2","61,4","61,6","61,7","61,7","62","62","62","61,9","61,9","63,0209828605347","63,2483969050503","63,3387088000396","63,5121694417238","63,5871970624235","63,6968444227006","64,033431156762","64,06040597","64,39027982","64,41840491","64,761347","64,94401457","64,9787472","66,13796058"
Leutzsch,Wohnfläche je Wohnung,"66,5","66,5","66,6","66,6","66,5","66,9","67","66,9","67","67","67,2","69,0588010865418","69,199706295118","69,3698425408723","69,4259085769666","69,4558027079304","69,4923126510878","69,550876628599","69,60170445","69,75715428","69,84974425","69,91132312","69,87659906","70,17301415","70,4249465"
Böhlitz-Ehrenberg,Wohnfläche je Wohnung,"64,4","64,8","65,2","65,4","65,8","66,1","66,4","66,8","67,2","67,4","67,6","76,4000512329316","76,5440157416123","76,6680290577679","76,7934132841328","76,9067022647763","77,1001840603718","77,2160080867488","77,38287709","77,68289113","77,86993798","78,18413856","78,26451848","78,27788899","78,24211099"
Burghausen-Rückmarsdorf,Wohnfläche je Wohnung,"82,8","83,3","83,7","84,3","84,7","85,1","85,4","85,8","86","86,3","86,7","88,9334805713512","89,29198326","89,97064146","90,1443755169562","90,5002468120115","90,6098071399261","90,9322857142857","91,21585366","91,44840146","91,56964573","91,69005613","92,04958017","92,2053429","92,31729622"
Möckern,Wohnfläche je Wohnung,"58,6","58,6","58,6","58,7","58,7","58,9","59,5","59,6","59,6","59,6","59,7","61,2617745230595","61,3946240667736","61,5312974935951","61,6895547945205","61,6620803836492","62,1047343324251","62,5223284589426","62,72579924","63,63071397","64,17285271","64,26077678","64,33621417","64,40215385","64,55321972"
Wahren,Wohnfläche je Wohnung,"63,9","64,4","65,8","66,1","66,3","66,3","66,5","66,6","67","67","67,3","70,3450120865515","70,5175850517236","70,4647257697306","70,4969963369963","70,52958984375","70,6804384896468","70,7512645914397","70,82600243","71,28165623","71,38224681","71,38393072","71,45809659","71,38611111","71,55311778"
Lützschena-Stahmeln,Wohnfläche je Wohnung,"79,4","80,5","81","81,4","82,6","82,9","83,5","83,8","83,8","84,4","84,6","88,3946663735737","88,5344484070849","88,9200747537871","88,9957058242843","88,9627093596059","89,133742632613","89,5471505114467","90,17755682","90,34243994","90,62183693","90,60363298","90,81658175","91,09229349","91,28873563"
Lindenthal,Wohnfläche je Wohnung,"72,6","73,1","73,7","73,8","74,2","74,5","75,2","75,5","75,8","76,1","76,2","77,9657165451395","78,0673953699079","78,3692963309427","78,6137159253945","78,882614901513","79,2615384615385","79,5162908680947","79,73938712","80,22122905","80,52208947","80,95586207","81,28072587","81,96225383","82,28004263"
Gohlis-Süd,Wohnfläche je Wohnung,"72,2","73,7","73,8","73,8","74,2","74,7","74,9","75,1","75,6","76","76,2","73,1375423368032","73,2063776047148","73,4482121160168","73,6805873060125","73,8163967798649","74,0051495016611","74,0803576366485","74,2855831","74,35645736","74,46207085","74,48789368","74,64512913","74,83249052","74,79778318"
Gohlis-Mitte,Wohnfläche je Wohnung,"70,6","70,6","70,7","70,7","70,8","70,9","70,9","71","71,1","71","71,1","72,4777335631639","72,4644480446904","72,8787341023366","73,101222826087","73,4024200249273","73,585791162165","73,9027504911591","74,42399588","74,56852998","74,63806083","74,72085337","74,66067505","74,71818635","74,703125"
Gohlis-Nord,Wohnfläche je Wohnung,"63,7","63,7","63,7","64","64","64,1","64,1","64,3","64,3","64,4","64,7","65,7195297968901","65,7204597872182","65,7346943328871","65,7242756315007","65,7060955212786","65,9358998144712","65,9702391989616","66,25268618","66,50860663","67,40362052","67,41538204","67,32419328","67,358002","67,36217842"
Eutritzsch,Wohnfläche je Wohnung,"63,9","63,9","64","64,4","64,7","64,8","65","65,6","65,6","65,6","65,7","66,7089725604903","66,4847724271633","66,6758269984045","66,7173757553336","67,300391198044","67,3564179824033","67,4929224843524","67,61744886","66,99114208","67,1465568","67,05983494","67,27375514","67,52502244","67,87799932"
Seehausen,Wohnfläche je Wohnung,"76,9","77,2","78,5","78,8","79,1","79,3","79,5","79,5","78,4","78,6","78,9","87,0497752307745","87,1325365069594","87,3493575542756","85,1949397590361","85,4374600638978","85,6680190930788","85,9894778481013","86,2981904","86,65250965","86,76982294","85,65274725","86,62464183","86,74076655","88,36591989"
Wiederitzsch,Wohnfläche je Wohnung,"79,3","79,8","80,5","81,3","82,1","82,6","83,6","83,9","84,2","84,4","84,5","88,8981582677504","89,21512586567","89,5796255647581","89,6437292948415","89,6894078792168","89,9784926038976","90,0811241217799","90,28084416","90,6263255","90,81615791","91,03911253","90,80709877","90,75918188","90,87302977"
Mitte,Wohnfläche je Wohnung,"68,9","68,9","68,8","68,8","68,6","68,7","68,8","68,8","68,9","68,4","68,5","67,4781974433545","67,698423149436","67,9548667626374","68,0498144408667","68,2119578305194","68,2240377248831","68,5272947994987","69,02472229","69,13808867","68,34305208","68,31660082","68,3914541","68,37349803","68,14986133"
Nordost,Wohnfläche je Wohnung,"61,7","61,8","62,1","62,2","62,2","62,3","62,5","62,7","62,8","62,8","62,9","64,2453929624056","64,2824057760989","64,3698948041402","64,3956341338033","64,3644404596355","64,3981263696129","64,5150222578997","64,64378526","64,72092263","64,9878247","65,04823627","65,26021066","65,32295415","65,35092937"
Ost,Wohnfläche je Wohnung,"63,4","63,6","63,8","64","64,2","64,4","64,6","64,7","64,8","65","65,1","66,922162827087","67,0316887248512","67,2003406693","67,3291388199351","67,4916523727845","67,6352885245209","67,7816683896285","67,89729229","68,06020194","68,20511102","68,35286866","68,478665","68,54676885","68,59309677"
Südost,Wohnfläche je Wohnung,"67,5","67,7","67,9","68,1","68,3","68,4","68,6","68,8","69","69,2","69,3","72,2825076431177","72,3720114763285","72,5298924150505","72,7374938210578","72,7755534345269","72,9824455837657","73,2555329795299","72,81099391","73,21009369","73,3878779","73,59574096","73,7474969","73,80872729","73,88050859"
Süd,Wohnfläche je Wohnung,"66,8","66,9","66,9","66,9","66,9","67,1","67,2","67,3","67,5","67,6","67,7","68,6259948091084","68,703464435464","68,7976777455165","69,1226024150144","69,2621095593747","69,3090511514615","69,2995811749146","69,5236784","69,72067797","69,829559","69,708548","69,8340348","69,66656053","69,69209152"
Südwest,Wohnfläche je Wohnung,"66,2","66,5","66,6","66,9","67,2","67,5","67,7","67,9","68,1","68,3","68,4","70,3252463259231","70,4282624154704","70,784190993928","70,9318612724481","71,163671770972","71,3654441754817","71,6887718371256","71,92395062","72,20362376","72,30143416","72,46446791","72,68123685","72,74933815","72,87946098"
West,Wohnfläche je Wohnung,"60,3","59,9","60","60,2","60,2","60,6","60,8","61","61","61","61,1","63,6265292679219","63,71342951","63,89800198","63,9710955047294","64,1055348807872","64,2529710144928","64,1844513535582","64,31791944","64,35660419","64,46178473","64,67220408","64,75709555","64,8970807","64,90607666"
Alt-West,Wohnfläche je Wohnung,"63,9","64,1","64,2","64,3","64,4","64,6","64,7","64,8","64,9","65","65,1","67,6569534328056","67,82969238","68,11851021","68,3209755653914","68,4877507791933","68,6968158037164","68,887749159462","69,13762071","69,42449624","69,66365313","69,83300873","69,74849621","69,89010545","70,03732019"
Nordwest,Wohnfläche je Wohnung,"63,6","64","64,5","64,7","65","65,2","65,8","65,9","66,1","66,2","66,4","69,410066385377","69,5552643941476","69,7298208173904","69,8769356419471","69,9323326263121","70,2681525561266","70,564790625168","70,83192739","71,39574692","71,72275066","71,86083623","71,96801312","72,05348615","72,28060029"
Nord,Wohnfläche je Wohnung,"69,3","69,9","70,1","70,3","70,6","70,8","71,1","71,4","71,6","71,7","71,8","72,7378772099495","72,7353415031368","73,0038231488314","73,0939887511771","73,3328715779877","73,500909274092","73,6575801785939","73,95492718","73,93381498","74,09042644","74,07524336","74,21029292","74,32029817","74,47744298"
Stadt Leipzig,Wohnfläche je Wohnung,"65,2462298187209","65,4280034904344","65,6","65,7255935841386","66,1007489900367","66,0826448373082","66,3","66,4876345779908","66,5","66,7","66,8","68,3439806745094","68,4563340846284","68,6799564085744","68,9099965335865","69,0624987631518","69,2160771790548","69,3930017404321","69,57597746","69,77366156","69,83547585","69,92677729","70,04220085","70,10882608","70,1577744"
